{"loss":0.0009564046902141854,"test_accuracy":100,"_wandb":{"runtime":25},"_timestamp":1.742227395893017e+09,"_runtime":21.692614583,"_step":50,"epoch":50}